{
    "__version__": "1.0",
    "__globals__": [],
    "Fs": 44100,
    "BROADEN": 1.5,
    "SPACING": 1.125,
    "NGAMMA": 4,
    "GTnDelays": [
        485,
        442,
        396,
        349,
        311,
        272,
        239,
        210,
        186,
        162,
        143,
        126,
        111,
        98,
        87,
        77,
        69,
        61,
        54,
        47,
        42,
        37,
        33,
        29,
        26,
        23,
        20,
        18,
        16,
        14,
        12,
        11,
        10,
        9,
        8,
        7
    ],
    "GTn_denoms": [
        [
            1.0,
            -1.9860359223591928,
            0.986190130748368
        ],
        [
            1.0,
            -1.984791310425328,
            0.9850406196347976
        ],
        [
            1.0,
            -1.9832010396811546,
            0.9836061338237521
        ],
        [
            1.0,
            -1.9811969421382198,
            0.9818491061688904
        ],
        [
            1.0,
            -1.9787013821396604,
            0.9797334545537757
        ],
        [
            1.0,
            -1.9756255994527958,
            0.9772251145857908
        ],
        [
            1.0,
            -1.9718676200262846,
            0.9742922104167653
        ],
        [
            1.0,
            -1.967309694180741,
            0.9709048670382137
        ],
        [
            1.0,
            -1.961815207041106,
            0.9670347128115635
        ],
        [
            1.0,
            -1.955224986168669,
            0.9626541519409276
        ],
        [
            1.0,
            -1.9473529125158617,
            0.9577355004958705
        ],
        [
            1.0,
            -1.9379807272317717,
            0.952250078007582
        ],
        [
            1.0,
            -1.9268519206098098,
            0.9461673338834329
        ],
        [
            1.0,
            -1.9136645914916794,
            0.9394540691978724
        ],
        [
            1.0,
            -1.8977567937225692,
            0.9319341572536257
        ],
        [
            1.0,
            -1.8785207215601507,
            0.9235188828352379
        ],
        [
            1.0,
            -1.8552106324159345,
            0.9141119969968885
        ],
        [
            1.0,
            -1.8269140449119665,
            0.9036097061756589
        ],
        [
            1.0,
            -1.7925188189391597,
            0.8919008792305755
        ],
        [
            1.0,
            -1.750676760534554,
            0.8788675431778867
        ],
        [
            1.0,
            -1.6997654130131734,
            0.8643857525348542
        ],
        [
            1.0,
            -1.6378513730385047,
            0.8483269321378546
        ],
        [
            1.0,
            -1.5626611302537905,
            0.8305598081453985
        ],
        [
            1.0,
            -1.4715695093112422,
            0.8109530551830287
        ],
        [
            1.0,
            -1.3616218446125818,
            0.7893787969825916
        ],
        [
            1.0,
            -1.2296146531451762,
            0.7657171001825406
        ],
        [
            1.0,
            -1.0722712934782126,
            0.7398615917666755
        ],
        [
            1.0,
            -0.886563896435001,
            0.7117263041489964
        ],
        [
            1.0,
            -0.6702493415275652,
            0.6812538009972628
        ],
        [
            1.0,
            -0.4227008630245047,
            0.6484245531989391
        ],
        [
            1.0,
            -0.14611786679633182,
            0.6132674090807787
        ],
        [
            1.0,
            0.15283540918226027,
            0.5758708281040317
        ],
        [
            1.0,
            0.4610120538265027,
            0.5363943179009466
        ],
        [
            1.0,
            0.7566580687230667,
            0.4950792324387396
        ],
        [
            1.0,
            1.0078666776079146,
            0.45225776746511065
        ],
        [
            1.0,
            1.1729444971675858,
            0.4083586587141603
        ]
    ],