{
    "__version__": "1.0",
    "__globals__": [],
    "Fs": 44100,
    "BROADEN": 3,
    "SPACING": 2.25,
    "NGAMMA": 4,
    "GTnDelays": [
        229,
        204,
        166,
        133,
        106,
        83,
        65,
        50,
        39,
        31,
        24,
        19,
        15,
        12,
        9,
        7,
        5,
        4,
        4
    ],
    "GTn_denoms": [
        [
            1.0,
            -1.9712646790712243,
            0.9716080164416709
        ],
        [
            1.0,
            -1.9665304114565159,
            0.967158058028725
        ],
        [
            1.0,
            -1.9596200426743289,
            0.9608399227011849
        ],
        [
            1.0,
            -1.9497906923040973,
            0.9521846282896762
        ],
        [
            1.0,
            -1.9360548135344053,
            0.9406695500286362
        ],
        [
            1.0,
            -1.9170565300308724,
            0.9257021314187867
        ],
        [
            1.0,
            -1.8908880767125371,
            0.9065997222791865
        ],
        [
            1.0,
            -1.854827802997227,
            0.8825739481324409
        ],
        [
            1.0,
            -1.8052563441476317,
            0.8528871269532459
        ],
        [
            1.0,
            -1.7366350347619672,
            0.8165105010948607
        ],
        [
            1.0,
            -1.6412233222651271,
            0.7724081584515345
        ],
        [
            1.0,
            -1.5085375209232887,
            0.7196585837904241
        ],
        [
            1.0,
            -1.325191488738479,
            0.6576448577106884
        ],
        [
            1.0,
            -1.0759775325468606,
            0.5863226775119589
        ],
        [
            1.0,
            -0.7479396382824437,
            0.5065543320175897
        ],
        [
            1.0,
            -0.34037908011153095,
            0.4204544011912438
        ],
        [
            1.0,
            0.11598091309371115,
            0.33162721066122325
        ],
        [
            1.0,
            0.5323987437801959,
            0.24510344639213155
        ],
        [
            1.0,
            0.7495460959460538,
            0.1667567941468281
        ]
    ],
    "GTn_nums": [
        [
            0.02121204117794766,
            -0.020907273772546295,
            0.0
        ],
        [
            0.02702883170323186,
            -0.02657650976527274,
            0.0
        ],
        [
            0.03423994351079328,
            -0.033548639781893666,
            0.0
        ],
        [
            0.04333978841588798,
            -0.04225175802986366,
            0.0
        ],
        [
            0.0549556578011805,
            -0.05319858290846255,
            0.0
        ],
        [
            0.06976470626902262,
            -0.06687144285935778,
            0.0
        ],
        [
            0.08850367753128954,
            -0.08367527429456334,
            0.0
        ],
        [
            0.11199810574314097,
            -0.10386860020770063,
            0.0
        ],
        [
            0.14102629982181053,
            -0.12729431122249477,
            0.0
        ],
        [
            0.17667120532421435,
            -0.15340670239982782,
            0.0
        ],
        [
            0.2200661580539976,
            -0.18058885551975223,
            0.0
        ],
        [
            0.272305957508304,
            -0.20539187703610967,
            0.0
        ],
        [
            0.33429233362433347,
            -0.22150067763474537,
            0.0
        ],
        [
            0.4064786355166389,
            -0.2186809396381039,
            0.0
        ],
        [
            0.488427630665327,
            -0.18265719270348788,
            0.0
        ],
        [
            0.5778836473382367,
            -0.0983497521462427,
            0.0
        ],
        [
            0.6680055052555413,
            0.03873794422558177,
            0.0
        ],
        [
            0.7350400617503304,
            0.19566720275199678,
            0.0
        ],
        [
            0.6855804365464878,
            0.2569370698352056,
            0.0
        ]
    ],
    "GTn_CentFrq": [
        83.31770881583843,
        133.0673988832827,
        204.09758945435803,
        302.1646913266675,
        434.0250247649651,
        607.8519930062768,
        833.8298744556964,
        1124.908338307738,
        1495.7173338143327,
        1968.096187711619,
        2569.866328979254,
        3336.469871736505,
        4313.0570293013725,
        5557.145300652638,
        7142.007045889118,
        9160.984966793265,
        11732.989658906146,
        15009.503021314895,
        19183.500000000004
    ],
    "ERBn_CentFrq": [
        33.693230171872784,
        39.06316196806265,
        46.730089708113944,
        57.315354617109165,
        71.54822714810558,
        90.3109362731045,
        114.70276281887341,
        146.1214811285989,
        186.14623329458527,
        237.13433440540445,
        302.0888016836917,
        384.83522148536656,
        490.24706268576085,
        624.5327066071451,
        795.6010985262254,
        1013.5275563306983,
        1291.1471707926705,
        1644.8107466177087,
        2095.3478065000004
    ],
    "HP_denoms": [
        [
            1.0,
            -1.9093650601063965,
            0.9120631407894274
        ],
        [
            1.0,
            -1.8783005238353854,
            0.8831412124784873
        ],
        [
            1.0,
            -1.8345063428305441,
            0.8433970865140648
        ],
        [
            1.0,
            -1.7743335067249009,
            0.7907148703945033
        ],
        [
            1.0,
            -1.6906313608211299,
            0.7210433346435425
        ],
        [
            1.0,
            -1.5758027600905413,
            0.632069646747611
        ],
        [
            1.0,
            -1.4248699285390396,
            0.5262656016611666
        ],
        [
            1.0,
            -1.23111645739687,
            0.4081067359233021
        ],
        [
            1.0,
            -1.0058192428047388,
            0.2944065920747099
        ],
        [
            1.0,
            -0.8031189375982078,
            0.21287985105513413
        ]
    ],
    "HP_nums": [
        [
            0.9727322280692539,
            -1.9454644561385077,
            0.9727322280692539
        ],
        [
            0.9585001549056208,
            -1.9170003098112416,
            0.9585001549056208
        ],
        [
            0.9389842532239776,
            -1.8779685064479552,
            0.9389842532239776
        ],
        [
            0.9122808273941155,
            -1.824561654788231,
            0.9122808273941155
        ],
        [
            0.8754934410431705,
            -1.750986882086341,
            0.8754934410431705
        ],
        [
            0.8255056687260838,
            -1.6510113374521675,
            0.8255056687260838
        ],
        [
            0.7604083249385929,
            -1.5208166498771858,
            0.7604083249385929
        ],
        [
            0.6786040742901409,
            -1.3572081485802818,
            0.6786040742901409
        ],
        [
            0.5862030635526676,
            -1.1724061271053352,
            0.5862030635526676
        ],
        [
            0.5062106359446135,
            -1.012421271889227,
            0.5062106359446135
        ]
    ],
    "HP_FCorner": [
        215.33203125,
        290.6982421875,
        398.3642578125,
        549.0966796875,
        764.4287109375,
        1071.27685546875,
        1496.5576171875,
        2083.33740234375,
        2831.6162109375,
        3574.51171875
    ],