{
    "__version__": "1.0",
    "__globals__": [],
    "Fs": 44100,
    "BROADEN": 2,
    "SPACING": 1.5,
    "NGAMMA": 4,
    "GTnDelays": [
        379,
        339,
        289,
        253,
        216,
        184,
        156,
        132,
        111,
        95,
        80,
        68,
        58,
        49,
        42,
        36,
        30,
        26,
        22,
        19,
        16,
        13,
        11,
        10,
        8,
        7,
        6,
        5
    ],
    "GTn_denoms": [
        [
            1.0,
            -1.9818687766894725,
            0.9820373404188235
        ],
        [
            1.0,
            -1.97996107570694,
            0.9802431392724167
        ],
        [
            1.0,
            -1.9773855663476319,
            0.9778745191873366
        ],
        [
            1.0,
            -1.9739796995017997,
            0.9748302454638087
        ],
        [
            1.0,
            -1.9695521806602918,
            0.9710095472984159
        ],
        [
            1.0,
            -1.9638747324330879,
            0.9663127541252282
        ],
        [
            1.0,
            -1.9566705148620778,
            0.9606403282915092
        ],
        [
            1.0,
            -1.9475986717722735,
            0.9538905317555555
        ],
        [
            1.0,
            -1.9362343732206442,
            0.9459562113180237
        ],
        [
            1.0,
            -1.9220435616433738,
            0.9367212829043774
        ],
        [
            1.0,
            -1.9043514332950815,
            0.9260574617906584
        ],
        [
            1.0,
            -1.882038958492315,
            0.913680920446088
        ],
        [
            1.0,
            -1.8537747112497205,
            0.8993478614531931
        ],
        [
            1.0,
            -1.817833283389502,
            0.8827914635893022
        ],
        [
            1.0,
            -1.7719905860888905,
            0.8637243297160849
        ],
        [
            1.0,
            -1.7134043733475206,
            0.841843251647195
        ],
        [
            1.0,
            -1.6384900735241088,
            0.8168370998309016
        ],
        [
            1.0,
            -1.5428156325660074,
            0.7883987793526296
        ],
        [
            1.0,
            -1.4210632220254775,
            0.7562422767955841
        ],
        [
            1.0,
            -1.2671460699112662,
            0.7201257954824434
        ],
        [
            1.0,
            -1.0746318383031332,
            0.6798817515304635
        ],
        [
            1.0,
            -0.8377135580002191,
            0.6354538605678883
        ],
        [
            1.0,
            -0.553075558513009,
            0.5869405403139624
        ],
        [
            1.0,
            -0.22307788234215714,
            0.5346422423837622
        ],
        [
            1.0,
            0.13940494000703552,
            0.47910801772280387
        ],
        [
            1.0,
            0.5047015606872336,
            0.42117367975843134
        ],
        [
            1.0,
            0.82035629045925,
            0.36198072947501003
        ],
        [
            1.0,
            1.0103017150516922,
            0.3029626039675733
        ]
    ],
    "GTn_nums": [
        [
            0.01437727275237622,
            -0.014246933980941371,
            0.0
        ],
        [
            0.017001499936443204,
            -0.016831154051395777,
            0.0
        ],
        [
            0.019943573702200998,
            -0.01971806739006123,
            0.0
        ],
        [
            0.023350571468163578,
            -0.02304677702496042,
            0.0
        ],
        [
            0.027384331426619675,
            -0.026967434838611467,
            0.0
        ],
        [
            0.03219172144831466,
            -0.031610254172934726,
            0.0
        ],
        [
            0.03790328066250504,
            -0.037082115844432786,
            0.0
        ],
        [
            0.044640046921614676,
            -0.04347044804619435,
            0.0
        ],
        [
            0.05252112877992517,
            -0.050846607432019575,
            0.0
        ],
        [
            0.06167023471454607,
            -0.059266438789064485,
            0.0
        ],
        [
            0.07222088581547394,
            -0.0687669737082691,
            0.0
        ],
        [
            0.08445948220628713,
            -0.07947801796316042,
            0.0
        ],
        [
            0.09863305084546448,
            -0.09142172767536494,
            0.0
        ],
        [
            0.11501293597462893,
            -0.10453717151751313,
            0.0
        ],
        [
            0.13389366140205772,
            -0.11862915377070986,
            0.0
        ],
        [
            0.15558980114873203,
            -0.13329412286825426,
            0.0
        ],
        [
            0.1804301650218997,
            -0.14781651717634978,
            0.0
        ],
        [
            0.20874834761850902,
            -0.1610301069890794,
            0.0
        ],
        [
            0.24086829245621127,
            -0.1711445358807993,
            0.0
        ],
        [
            0.27708276604465915,
            -0.1755521690168163,
            0.0
        ],
        [
            0.31762092055617264,
            -0.17066277687040662,
            0.0
        ],
        [
            0.36259671396155135,
            -0.15187609168595945,
            0.0
        ],
        [
            0.41191739164601604,
            -0.1139107207229211,
            0.0
        ],
        [
            0.46509123995652873,
            -0.051875784452695244,
            0.0
        ],
        [
            0.5207275877497992,
            0.03629599906513454,
            0.0
        ],
        [
            0.5748830339991328,
            0.14507218223598714,
            0.0
        ],
        [
            0.6139911888927247,
            0.2518457670473502,
            0.0
        ],
        [
            0.5818742715177687,
            0.2939342872294279,
            0.0
        ]
    ],
    "GTn_CentFrq": [
        65.82694524192573,
        95.55458999227949,
        134.8830708049496,
        185.57021234380215,
        249.40928102138545,
        328.2318788750111,
        423.94010684525614,
        538.5653962797379,
        674.3479672301138,
        833.8298744556964,
        1019.9557085170018,
        1238.6815594833413,
        1495.7173338143327,
        1797.7730304503011,
        2152.7339074243787,
        2569.866328979254,
        3060.059666891649,
        3636.110570913946,
        4313.0570293013725,
        5108.570940178837,
        6043.419441945243,
        7142.007045889118,
        8433.012723556358,
        9950.138580234243,
        11732.989658906146,
        13828.107842233272,
        16290.186842896543,
        19183.500000000004
    ],
    "ERBn_CentFrq": [
        31.805294642468223,
        35.014066889176654,
        39.25914377961546,
        44.73026315017766,
        51.620988384167326,
        60.12902077388982,
        70.4596711927701,
        82.83221030903863,
        97.48844523485126,
        114.70276281887341,
        134.79299922161664,
        158.40204884907237,
        186.14623329458527,
        218.74982313377504,
        257.06394523348,
        302.0888016836917,
        354.99978038461774,
        417.1781389138804,
        490.24706268576085,
        576.1140387119635,
        677.0206511441276,
        795.6010985262254,
        934.9509603679497,
        1098.708008211904,
        1291.1471707926705,
        1517.292132382817,
        1783.04647763541,
        2095.3478065000004
    ],