{"closed_set scores:": {"RMSE": 28.523881198335246, "Std": 0.5796351115705066, "NCC": 0.6208212304051433, "KT": 0.3976092440566517}, "open_set scores:": {"RMSE": 36.512151185224724, "Std": 1.344932258036841, "NCC": 0.5290826426953844, "KT": 0.39116377202829106}}